<?xml version="1.0" encoding="UTF-8"?>
<jcr:root xmlns:sling="http://sling.apache.org/jcr/sling/1.0" xmlns:jcr="http://www.jcp.org/jcr/1.0"
    jcr:primaryType="sling:OrderedFolder"
    mimeTypes="[image/gif,image/jpeg,image/png,image/tiff,image/svg+xml,image/webp]">
    <jcr:content/>
    <digiquad_x0020_logo.jpeg/>
    <modijii.jpeg/>
    <bharatiya-janata-party-flags.jpg/>
    <download_x0020__x0028_1_x0029_.jpeg/>
    <author-detail-cf/>
    <VENKATA-RAMANA-REDDY-BJP.jpg/>
    <thank_x0020_you.png/>
    <samplecontentfragment/>
    <SOK_Logo.svg/>
    <asset.jpg/>
    <cfm/>
</jcr:root>
